The Common Inn	,Tavern	, Welcome to the Common Inn. Everything is quite ordinary, you see, there's nothing special about us. In fact, we make a point of it. If you speak anything but Common, we'll kick you out. But don't worry - that rarely happens. Come on in!
Aunty Agatha's Apothecary	,Creepy building in the woods	, There's no one here. So how did we know it was Aunty Agatha's? And what's that's scratching noise - there, hear it? No? It's like it's in my head - very strange. Oh well - I'm sure it's nothing.
Garnack's Greenhouse	,Orcish Herbalist	, Dis my green house. Not all things green here. Not make much sense. It all pretty. And useful. Can't remember how. I try one. I get sick? I try new one. My little flowers.
Nimbuss	,Monestary	, If you travel high enough up the mountains, there is a place were the clouds are so dense that you can walk on them as if they were solid ground. It is here that the monks have built their home, meditating with the wind and conversing with the breeze. News travels most quickly through the wind and the monks have heard it all.
Shimmerpeak Castle	,Castle on a mountain peak	, Shimmerpeak stands proud at the tallest peak of a mountain range. It is always summer when you're near the castle. Years after it has been used, it remains pristine and almost glowing. They say that the last king who ruled over it still walks its halls with his wife and kids. They say it because its true. He's very nice, you can go talk to him. Just don't mention orcs.
The Feytouched Vale	,Large enchanted forest	, They say that the barrier between the Feywild and the mortal plane is thin in the forest, and has given the Vale a mind of its own. The Vale is not cruel, any who wish to live and hunt within its borders is welcome to, as long as they are not greedy. You may build lone homes, but attempts to settle towns or build infrastructure are met with mysterious disappearances. The Vale protects itself, mind yourself while you're there.
Zanlamin	,Dwarven stronghold	, Zanlamin is a dwarven city deep within the mountain that bears the same name. Its namesake was a Goliath hero that saved the city from destruction from an army of orcs alone by defending a passageway into the city for hours, before finally collapsing the pass when he tired, killing himself and all the orcs. His axe, Earthsplitter, was recovered and now rests over the throne of the dwarven king.
Mysteries and More	,Arcaneum and Trinket shop	, Mysteries and More is a store run by a mysterious figure, that few have ever seen. The wonders you can find inside are unlike any others in the world. That's what the company line is. In reality, it is a store with a darkness spell cast on it, where the owner, a shrimpy elf named Taranius used magic to make his voice seem mysterious as he reveals simple items one at a time. He wears a sign on his neck that says "If you can see me, please don't spoil the mystery"
Kadosi Falls	,Waterfall vacation destination	, Kadosi Falls is a beautiful and idyllic beach and waterfall tucked away in a secluded grove. Beyond its legendary scenery, the falls are a popular vacation point because time seems to go slower while you are there. A simple vacation of a day can seem like weeks to those near it. There are whispered rumors that on rare occasions, the magic doesn't seem to work right and those who enter the grove disappear for months or years, only to suddenly reappear as if they had never left.
Xaranth	,City	, Built around the eggs of Tiamat and Bahamut, the city is concentric, with a clear plan and design to each segment.
Chichester's Tavern	,Tavern	, This tavern is apprarently perfectly ordinary, until after everyone has gone home, and the barkeep Chitchester pulls on the elk's antler, opening a secret door leading to his underground base, built with the riches from, and to defend against enemies made during his extensive adventuring career.
